track_name,track_artist,LABEL_FINAL_HUMANO,SUGESTAO_SISTEMA,link_spotify,playlist_subgenre,danceability,energy,valence,acousticness,instrumentalness,tempo
Glad You Came,The Wanted,Pop de Academia,Pop de Academia/EDM,http://open.spotify.com/track/5yDL13y5giogKs2fSNf7sj,post-teen pop,"0,722","0,851","0,452","0,0319",0,"126,885"
Dark Red,Steve Lacy,Sad,Outros,http://open.spotify.com/track/3FkTxVBsQHrwMh3IyfKO81,neo soul,"0,603","0,783","0,775","0,449","0,00000796","172,041"
EMG,El-P,Agressivo,Gravação ao Vivo,http://open.spotify.com/track/3c8UX4JbU8uNtcammOIFvo,gangster rap,"0,635","0,827","0,312","0,0498",0,"89,909"
My Phone,Jodeci,Rap / Hip Hop,Pop de Academia/EDM,http://open.spotify.com/track/4bbqwN4wm3bOHsCyXPR2XD,new jack swing,"0,723","0,797","0,63","0,0348",0,"111,977"
Tired - Kygo Remix,Alan Walker,Pop de Academia,Outros,http://open.spotify.com/track/3t0J8vI9StQD8KIBkT2Cp5,tropical,"0,598","0,74","0,342","0,026",0,"123,945"
Que Va,Alex Sensation,Latin,Pop de Academia/EDM,http://open.spotify.com/track/6J1R5wtPXiHiwiPstOSI56,reggaeton,"0,766","0,827","0,831","0,148",0,"91,03"
Handful Of Gold,CAZZETTE,Pop Padrao,Outros,http://open.spotify.com/track/0KnzZd9FaVOKtOkzSvOivN,indie poptimism,"0,643","0,639","0,166","0,0477","0,00606","100,038"
Close (feat. Steven Furtick),Tauren Wells,,Dançante Padrão,http://open.spotify.com/track/5cdVjOTp2QPOmYlFuCtkAP,dance pop,"0,845","0,552","0,705","0,0514",0,"120,017"
Dance No More,OUTRAGE,Eletrônica,Outros,http://open.spotify.com/track/5PhjrszvK1n8AtI83fPWVg,big room,"0,63","0,951","0,268","0,0237","0,156","131,966"
Overkill,Motörhead,Agressivo,Outros,http://open.spotify.com/track/1atIRUDGWlVhz7vaoGahu6,hard rock,"0,278","0,898","0,113","0,000168","0,000341","119,42"
Rocas (feat. Portavoz & Stailok),Jesteinritmos,Rap / Hip Hop,Pop Padrão,http://open.spotify.com/track/3Fd0HFWIJ1BGz8zSre2E36,latin hip hop,"0,633","0,912","0,693","0,254",0,"89,287"
F.E.E.L.,Lucky Luke,Eletronica,Dançante Padrão,http://open.spotify.com/track/2hvRHQKgsj1NlxX1GyJBXN,electro house,"0,893","0,715","0,0465","0,214","0,0116","125,047"
Lets Get It On - Marvin Gay Sample,P I A (Players In Action),R&B,Música Calma/Balada,http://open.spotify.com/track/6oKyVzTqcAq9UE9HeIfo2E,urban contemporary,"0,571","0,387","0,196","0,0549",0,"164,977"
El Toque del Amor,Dragon & Caballero,Latin,Pop de Academia/EDM,http://open.spotify.com/track/0KBMx9uErneRij9qMvIplC,latin pop,"0,784","0,84","0,886","0,0677",0,"100,022"
Blind Paradise,Debórah Bond,R&B,Pop de Academia/EDM,http://open.spotify.com/track/2hGXdfWHKIxciCfHRQpUa1,neo soul,"0,653","0,777","0,734","0,284","0,000085","91,035"
P.O.V.,dvsn,Late Night,Música Calma/Balada,http://open.spotify.com/track/600OCZ1UO4sMpHO3F1E2jb,urban contemporary,"0,812","0,341","0,119","0,03","0,00729","100,014"
Ridiculous Thoughts,The Cranberries,Rock,Outros,http://open.spotify.com/track/1fPDldWK8SRdIjGPXrDqZT,album rock,"0,429","0,689","0,21","0,00389","0,00000959","101,875"
Scars To Your Beautiful,Alessia Cara,Pop Padrao,Pop Padrão,http://open.spotify.com/track/42ydLwx4i5V49RXHOozJZq,indie poptimism,"0,573","0,739","0,451","0,0285",0,"97,085"
Crazy On You,Heart,Rock,Outros,http://open.spotify.com/track/5zH710lFSLtkHbMkslLDjR,classic rock,"0,427","0,459","0,383","0,116","0,000103","129,878"
The World Is Mine - Rackers Remix,Mahan Moin,Pop de Academia,Outros,http://open.spotify.com/track/09SsJ3591t1ZXM1lbdtki4,pop edm,"0,625","0,713","0,128","0,0213","0,00000132","104,934"
What I'm Used To,Nick Luebke,Pop Padrao,Outros,http://open.spotify.com/track/26E5XogqhqTvmjH5nPW2Q6,neo soul,"0,649","0,608","0,331","0,288",0,"100,005"
All Right Now - Remix '91,Free,Rock,Pop Padrão,http://open.spotify.com/track/2aQvJuqjeJFOPHinHNm4mI,hard rock,"0,71","0,624","0,797","0,144","0,00000247","120,44"
Good Golly Miss Molly,Creedence Clearwater Revival,Rock,Pop Padrão,http://open.spotify.com/track/6Ip2Ia3DPgc9PJ6hcQW6Xa,classic rock,"0,566","0,765","0,969","0,18","0,0133","75,008"
Añoranza,Luis Enrique,Latin,Dançante Padrão,http://open.spotify.com/track/20rgOJWz8xHUn75OtCYsde,tropical,"0,745","0,538","0,927","0,385",0,"145,662"
24K Magic - R3hab Remix,Bruno Mars,Pop de Academia,Dançante Padrão,http://open.spotify.com/track/1nSzCAvAvzJj5oIt7m90G0,pop edm,"0,763","0,708","0,566","0,146",0,"106,175"
Old Town Road,Lil Nas X,Rap / Hip Hop,Dançante Padrão,http://open.spotify.com/track/53CJANUxooaqGOtdsBTh7O,electropop,"0,908","0,517","0,471","0,0361","0,00000173","136,019"
Can't Get Over You,KVSH,Eletronica,Pop de Academia/EDM,http://open.spotify.com/track/3dTmgecC7MCMbteWjf8Ls7,electropop,"0,714","0,795","0,347","0,013","0,0000233","123,002"
Daylight (Airbeat One Anthem 2018),Fluex,Pop de Academia,Outros,http://open.spotify.com/track/0FC7eAz8CW9HAWnBr8Yo42,dance pop,"0,631","0,939","0,353","0,0728","0,000187","128,048"
XO Tour Llif3,Brasstracks,Instrumental,Instrumental/Ambiente,http://open.spotify.com/track/1AY001zik4a6IFFE4ZrV9K,urban contemporary,"0,672","0,755","0,51","0,014","0,826","77,549"
Last To Leave (feat. Caroline Ailin),Louis The Child,Eletronica,Dançante Padrão,http://open.spotify.com/track/4v0134PgBTGsFJiGcV4eJk,pop edm,"0,753","0,602","0,555","0,052","0,000249","94,056"
Ausencia,Javiera Mena,Eletronica,Pop de Academia/EDM,http://open.spotify.com/track/2iK285C3qHKjlVd2sstkTT,electropop,"0,651","0,876","0,877","0,00107","0,00248","110,011"
XLR,BONES,Rap / Hip Hop,Acústico Introspectivo,http://open.spotify.com/track/0OlLxqpcMutBKFZctsRWHK,gangster rap,"0,572","0,377","0,0475","0,521","0,0000296","187,986"
Love Is Stronger Than Pride,Sade,R&B,Acústico Introspectivo,http://open.spotify.com/track/0QJO0Pb4yfzXIbVcidpy4m,new jack swing,"0,566","0,335","0,317","0,766","0,000366","87,617"
Candlelight,Zhavia Ward,Late Night,Indie/Alt Pop,http://open.spotify.com/track/3j8FPquKEOygdUMLLs1Pxr,urban contemporary,"0,511","0,542","0,439","0,387",0,"134,907"
Let Go,JavyDade,Late Night,Pop Padrão,http://open.spotify.com/track/277yPUK7wvfkdMQZLSFSVt,neo soul,"0,739","0,457","0,41","0,231","0,000106","141,967"
Revolusion,Elliphant,Eletrônica,Rap/Spoken Word,http://open.spotify.com/track/7ppPVLsLNfHDneQnzZmUFJ,big room,"0,579","0,886","0,32","0,127","0,000715","159,95"
Skyline,Möwe,Chill,Pop Padrão,http://open.spotify.com/track/0HkwDCJIbWijtfKg63gQBJ,tropical,"0,629","0,87","0,628","0,0325","0,00000171","117,954"
If You Tolerate This Your Children Will Be Next,Manic Street Preachers,Pop De Academia,Outros,http://open.spotify.com/track/2VmyLy2HQlkevZYboXHM5O,permanent wave,"0,222","0,81","0,266","0,000188","0,0181","96,302"
"""I TRIED FOR YEARS... NOBODY LISTENED""",Iceberg Black,Rap / Hip Hop,Outros,http://open.spotify.com/track/0WEI3cNqwQ1nyWYsBw3n7f,gangster rap,"0,914","0,408","0,0944","0,0268","0,00179","140,026"
Quema,Sotomayor,Pop Padrao,Dançante Padrão,http://open.spotify.com/track/6ikqpsmK1si8HemHsocssD,tropical,"0,837","0,603","0,591","0,0875","0,00000176","96,916"
California,DJ Quik,Rap / Hip Hop,Dançante Padrão,http://open.spotify.com/track/03PpdID0NKPVUrRtHybsE1,southern hip hop,"0,917","0,745","0,759","0,0967",0,"98,927"
I Gotta Feeling,The Black Eyed Peas,Pop de Academia,Pop de Academia/EDM,http://open.spotify.com/track/4vp2J1l5RD4gMZwGFLfRAu,latin hip hop,"0,743","0,766","0,61","0,0873",0,"127,96"
Be Sure,Ballin Entertainment,Pop Padrao,Pop Padrão,http://open.spotify.com/track/4vHvQNUejMHilqG0MP21dv,latin hip hop,"0,622","0,82","0,707","0,0025","0,464","128,024"
Back to Black,Besomorph,Eletrônica,Outros,http://open.spotify.com/track/3dHJZqFEepODAStr62WGPD,trap,"0,503","0,778","0,276","0,0389","0,00000349","150,142"
Blessing In Disguise,Rick Ross,Rap / Hip Hop,Pop Padrão,http://open.spotify.com/track/17Pea9QvHpcISu7gg5TiDJ,southern hip hop,"0,5","0,708","0,463","0,0404",0,"78,002"
Lost,T-Dre,Rap / Hip Hop,Dançante Padrão,http://open.spotify.com/track/4LLHvfvE21JQFD9ZKVCbd0,latin hip hop,"0,762","0,545","0,039","0,211","0,00000578","93,629"
Kandi,One Eskimo,Chill,Acústico Introspectivo,http://open.spotify.com/track/17b1GpKUrevAQuhmS9koTh,neo soul,"0,586","0,717","0,432","0,566",0,"179,955"
Ridin' Dirty,UGK,Rap / Hip Hop,Outros,http://open.spotify.com/track/22mhfCPBE5YzXWYekGJUdS,southern hip hop,"0,733","0,531","0,378","0,13",0,"171,632"
Devil's Basement,Shanghai Treason,Rock,Pop Padrão,http://open.spotify.com/track/5sLvtzrdkCpbyyaSaYpS9c,permanent wave,"0,541","0,93","0,616","0,00105","0,00128","111,102"
Paranoid - 2016 Remaster,Black Sabbath,Rock,Outros,http://open.spotify.com/track/1Y373MqadDRtclJNdnUXVc,album rock,"0,415","0,658","0,45","0,0000452","0,000735","163,015"
Жизнь,Andery Toronto,Rap / Hip Hop,Rap/Spoken Word,http://open.spotify.com/track/37WOapWIoBmEbAQPhqestx,gangster rap,"0,243","0,717","0,467","0,063",0,"53,06"
Dreamreacher (feat. Dumang),Bakermat,Chill,Dançante Padrão,http://open.spotify.com/track/5g3W328MEzEqIw4yUq6Nx7,tropical,"0,748","0,534","0,487","0,397",0,"104,945"
Flames (with ZAYN),R3HAB,Late Night,Outros,http://open.spotify.com/track/2DcZd7oFgctIJZG5pFncyD,pop edm,"0,358","0,643","0,441","0,157",0,"152,085"
Klubowa Suka,C0PIK,Eletronica,Pop Padrão,http://open.spotify.com/track/1XCxN2Y9WwLkBb0Pple8af,trap,"0,733","0,591","0,637","0,265",0,"133,954"
PARADE,Miliyah,Pop Padrao,Outros,http://open.spotify.com/track/0qnp1W6FnL9qoadgaQdsT8,dance pop,"0,679","0,637","0,228","0,0821","0,00000104","105,026"
All I Got Is You,Deep Purple,Rock,Outros,http://open.spotify.com/track/1fVzpydMREur3ZJYTiDSgq,classic rock,"0,377","0,913","0,349","0,000261","0,000434","78,049"
You - Tom Staar Remix,Galantis,Eletronica,Outros,http://open.spotify.com/track/13ihPYxYfIt4Oe3crs4jqu,electro house,"0,485","0,978","0,213","0,00479","0,00897","127,988"
Thank You Lord (For Being There For Me),Fred Hammond,Chill,Gravação ao Vivo,http://open.spotify.com/track/7GBO6BJdevV7XojDlP7aE8,urban contemporary,"0,371","0,746","0,158","0,622",0,"110,476"
Never Forget You,Zara Larsson,Pop de Academia,Outros,http://open.spotify.com/track/6WLS56xiRrXjSm9RSdL3zD,electropop,"0,583","0,732","0,276","0,00312","0,00000986","145,992"
Shorty,Jerry Di,Latin,Pop de Academia/EDM,http://open.spotify.com/track/551lELbjN8sK1Va8qB71gM,reggaeton,"0,925","0,752","0,743","0,0149",0,"96,966"
Los Angeles,Bryce Vine,Pop Padrao,Pop de Academia/EDM,http://open.spotify.com/track/5536iVazwUoV1WfdFV4vRs,indie poptimism,"0,712","0,797","0,872","0,0682",0,"150,095"
Teardrops,Tainted Youth,Pop de Academia,Pop de Academia/EDM,http://open.spotify.com/track/4oxGB15UDg8WhpZRXjS8XE,tropical,"0,748","0,907","0,499","0,299","0,092","118,017"
Wanted,NOTD,Pop Padrao,Outros,http://open.spotify.com/track/1lGVyEkGHUz7Pg78QGaS4a,dance pop,"0,693","0,674","0,378","0,185",0,"95,972"
Last Nite,The Strokes,Indie,Pop Padrão,http://open.spotify.com/track/7kzKAuUzOITUauHAhoMoxA,permanent wave,"0,624","0,91","0,767","0,0285","0,000198","104,042"
I'm Your Baby Tonight,Whitney Houston,R&B,Pop de Academia/EDM,http://open.spotify.com/track/3SmPl0CGxvvkQCrTv7edEE,new jack swing,"0,665","0,899","0,873","0,303","0,00000221","165,16"
Head On,Jamestown Revival,Country,Pop Padrão,http://open.spotify.com/track/1LKGxJ4AVGDXTFBNOe0804,classic rock,"0,504","0,729","0,563","0,0947","0,00000885","77,472"
Lost Souls - Nora En Pure Remix,Eelke Kleijn,Eletronica,Pop de Academia/EDM,http://open.spotify.com/track/2UsRV8KFvHaDFUJtzQADAu,progressive electro house,"0,673","0,9","0,0386","0,0548","0,378","118,001"
Chateau Lobby #4 (in C for Two Virgins),Father John Misty,Indie,Outros,http://open.spotify.com/track/2eg2gvPXuwZ9FyrPaLgrXi,dance pop,"0,436","0,804","0,784","0,209",0,"188,061"
yes,Musiq Soulchild,Chill,Pop Padrão,http://open.spotify.com/track/4QoQgNqZRWs9euigbbYP1A,neo soul,"0,527","0,765","0,681","0,235",0,"173,767"
Pretty in Pink,The Psychedelic Furs,Indie,Outros,http://open.spotify.com/track/1K1TFdBh7NrDyKiwiJEmsy,permanent wave,"0,386","0,916","0,775","0,105","0,00991","135,642"
Used To Love Her,Guns N' Roses,Rock,Outros,http://open.spotify.com/track/2uduMoxSNLkDBhyLS2JroT,album rock,"0,615","0,831","0,914","0,426","0,0000726","135,114"
My Pickup Song,John Belthoff,Country,Pop Padrão,http://open.spotify.com/track/3aY5lNTXxsZB3S0CJPsBAH,classic rock,"0,683","0,716","0,821","0,00157",0,"112,024"
Costa Rica,Bankrol Hayden,Rap / Hip Hop,Rap/Spoken Word,http://open.spotify.com/track/2iObjOsy2vpsariW4Y7hQg,hip hop,"0,9","0,482","0,68","0,201",0,"127,866"
Hold On (feat. Michel Zitron) - Julian Jordan Remix,Martin Garrix,Eletronica,Outros,http://open.spotify.com/track/1VLzca7LUFQxYAgEVlGeUa,progressive electro house,"0,723","0,71","0,201","0,0211","0,00115","127,965"
More Of That Jazz - Remastered 2011,Queen,Rock,Outros,http://open.spotify.com/track/2YrfSHux2BaTXQs1535EHC,album rock,"0,354","0,717","0,514","0,0338","0,0000393","174,069"
Startede Sammen,Gobs,Rap / Hip Hop,Indie/Alt Pop,http://open.spotify.com/track/7eXbrGTzY8wOtWnphDmF1t,hip hop,"0,633","0,584","0,54","0,421",0,"122,78"
Latin Lingo - Blackout Mix,Cypress Hill,Latin,Dançante Padrão,http://open.spotify.com/track/6zTABPrCYA8fm5ZpWrzKbz,latin hip hop,"0,867","0,738","0,883","0,136","0,0312","91,174"
All Your Days,Shallou,Chill,Música Calma/Balada,http://open.spotify.com/track/0mp6WVhgI5FF6DGtYcyBNm,indie poptimism,"0,537","0,347","0,0968","0,444","0,00343","110,011"
Stupid Love Letter,The Friday Night Boys,Indie,Pop Padrão,http://open.spotify.com/track/5t3KWr8w3yGrAUEqCfizlD,post-teen pop,"0,616","0,827","0,557","0,0156",0,"130,006"
Stop Lying,Mr. Mike,Rap / Hip Hop,Outros,http://open.spotify.com/track/00e5UrNnUkBSKOPRUew6bG,southern hip hop,"0,695","0,583","0,292","0,0252",0,"83,916"
Me Or The Papes,Jeru The Damaja,Rap / Hip Hop,Pop Padrão,http://open.spotify.com/track/1h20yRsf5WeuHbohrlfcCt,southern hip hop,"0,687","0,597","0,804","0,0314",0,"169,691"
African Woman So Fine,HARRI BEST,Latin,Dançante Padrão,http://open.spotify.com/track/6ThyKCpWXwqfy075AY1CpU,latin pop,"0,799","0,654","0,815","0,107","0,000391","100,981"
Desde,Portavoz,Rap / Hip Hop,Pop Padrão,http://open.spotify.com/track/5ZmsMLLzdWDsEM5PPjvtw9,latin hip hop,"0,829","0,433","0,928","0,136","0,00000291","91,071"
Thorns,Faustix,Pop de Academia,Pop de Academia/EDM,http://open.spotify.com/track/6DuE8kXIDJ3oiCibWXmgeN,dance pop,"0,708","0,825","0,662","0,031",0,"109,991"
In Time,CAZZETTE,Pop Padrao,Pop Padrão,http://open.spotify.com/track/43ZeyBuql1TboyWE3ElHXj,dance pop,"0,651","0,711","0,425","0,111","0,0000613","125,089"
Close - Brooks Remix,IZECOLD,Eletronica,Pop de Academia/EDM,http://open.spotify.com/track/0xr8RB4uOrqbmpndeoC7rO,electro house,"0,682","0,936","0,207","0,00325","0,00555","128,023"
Popcorn,Steve Aoki,Eletronica,Instrumental/Ambiente,http://open.spotify.com/track/3CuE0SXDnJJbEsIt4Xijsn,progressive electro house,"0,603","0,953","0,209","0,084","0,878","128,032"
More,Syleena Johnson,R&B,Pop Padrão,http://open.spotify.com/track/5u8yoJzasvOhdNDhsBtoje,neo soul,"0,66","0,715","0,668","0,284",0,"95,012"
Bigroom Blitz - Radio Mix,Scooter,Eletronica,Pop de Academia/EDM,http://open.spotify.com/track/1Xcww2gldd5hN6WvGBsbFT,electro house,"0,713","0,909","0,438","0,00303","0,000706","132,022"
Noc,White 2115,Rap / Hip Hop,Indie/Alt Pop,http://open.spotify.com/track/7FYHbpT005CqRulSFkBC81,trap,"0,698","0,676","0,516","0,524",0,"94,079"
Si Te Robo Un Beso,Confidentes,Latin,Pop de Academia/EDM,http://open.spotify.com/track/6CvZqshp5fKnFYZRjMkKfm,latin pop,"0,663","0,751","0,961","0,239",0,"114,961"
Ghettos of the Mind,Pete Rock & C.L. Smooth,Rap / Hip Hop,Pop de Academia/EDM,http://open.spotify.com/track/6ncdTy6zTKm1ldLHHdYmVB,southern hip hop,"0,727","0,793","0,888","0,0924","0,000299","93,647"
Miraj - Original Mix,Sandro Silva,Eletronica,Instrumental/Ambiente,http://open.spotify.com/track/60ujaCxju6Qndk01pIQ2Pk,electro house,"0,545","0,928","0,408","0,00472","0,826","130,01"
Money And The Power,Scarface,Rap / Hip Hop,Chill/Lo-fi,http://open.spotify.com/track/4OGupqrF7u7wM4yLRMpL0p,southern hip hop,"0,898","0,381","0,834","0,42","0,0000199","150,154"
(Oh) Pretty Woman - 2015 Remaster,Van Halen,Rock,Outros,http://open.spotify.com/track/7ptv3yXdBWwzO7rVA62rwy,classic rock,"0,441","0,97","0,5","0,192","0,00000168","128,289"
Speak Easy,Mansionair,Chill,Outros,http://open.spotify.com/track/66sCCqeaxSiDbIdewAx6JX,indie poptimism,"0,496","0,85","0,143","0,36","0,00402","82,512"
Bounce,Emassin,Rap / Hip Hop,Pop Padrão,http://open.spotify.com/track/3jDQoVjJTcw6ygQ5S4Bgvr,hip pop,"0,557","0,825","0,579","0,0584",0,"126,4"
Overpowered,Róisín Murphy,Pop Padrao,Pop de Academia/EDM,http://open.spotify.com/track/7di4QTqNCZjX4JUFKhWQsr,electropop,"0,736","0,827","0,878","0,091","0,00509","117,024"
No Sleep,Bougenvilla,Eletronica,Outros,http://open.spotify.com/track/0zG6VemmYlMhAK5MNvBeP7,electro house,"0,627","0,953","0,199","0,0163","0,143","127,973"
Johnny And Mary,Robert Palmer,Indie,Pop Padrão,http://open.spotify.com/track/4OwMnNi3kC2DEIrxMTHc3M,electropop,"0,666","0,547","0,97","0,0287","0,142","152,876"
One Love (feat. KOCH),Sander van Doorn,Eletronica,Outros,http://open.spotify.com/track/1209jg7ahq3yHgb1yJ4PtH,big room,"0,353","0,897","0,126","0,0106","0,0243","103,443"
Get Back,Secondhand Habit,Indie,Pop Padrão,http://open.spotify.com/track/3iofITmfiaB3jDsdVYGqaM,permanent wave,"0,534","0,896","0,64","0,000352","0,00000145","144,932"
Piece Of Your Heart - Alok Remix,MEDUZA,Pop de Academia,Pop de Academia/EDM,http://open.spotify.com/track/6iW38RGqdDGOofmz2HeXLW,electro house,"0,797","0,86","0,192","0,0312","0,0137","124,033"
Вокруг шум,Kasta,Rap / Hip Hop,Pop de Academia/EDM,http://open.spotify.com/track/5NZl45YHi2MbHH4S6qiidq,gangster rap,"0,785","0,752","0,588","0,039",0,"95,944"
You've Got Another Thing Coming,Judas Priest,Rock,Pop Padrão,http://open.spotify.com/track/4f3RDq9nYPBeR1yMSgnmBm,classic rock,"0,519","0,833","0,532","0,00572","0,00000433","138,225"
Back To Me,Vhask,Eletronica,Pop de Academia/EDM,http://open.spotify.com/track/79qnkEV1yHwepL9gXcHhnQ,big room,"0,697","0,826","0,105","0,00776","0,0244","125,983"
I'd Rather Be Your T.H.U.G.G - Remix,Malow Mac,Rap / Hip Hop,Outros,http://open.spotify.com/track/392GJeq135q5wX2JO13dl1,latin hip hop,"0,677","0,667","0,683","0,328",0,"84,024"
Wave Goodbye (feat. Jeffrey Jey),Robin Schulz,Pop de Academia,Outros,http://open.spotify.com/track/115ndcAyWMabNy7WgUzP7t,tropical,"0,715","0,668","0,377","0,0357",0,"124,014"
Erase Me - Main,Kid Cudi,Indie,Pop Padrão,http://open.spotify.com/track/6XkuklKiHYVTlVvWlTgQYP,indie poptimism,"0,688","0,631","0,854","0,063",0,"186,066"
Not Going Out Tonight,Jack Newsome,Pop Padrao,Dançante Padrão,http://open.spotify.com/track/4ghhaqVoXMuoruwM4PfJl5,post-teen pop,"0,804","0,549","0,672","0,109","0,000109","143,975"
Poor Man's Mansion,Jelly Roll,Rap / Hip Hop,Outros,http://open.spotify.com/track/18mOjXq43khmSOLfR1rSws,southern hip hop,"0,576","0,748","0,49","0,321",0,"89,615"
I Got a Man,Positive K,Rap / Hip Hop,Dançante Padrão,http://open.spotify.com/track/2IOIU3u1iNUcvZXfeeyAll,new jack swing,"0,803","0,746","0,789","0,0831",0,"103,724"
Nite and Day,Al B. Sure!,R&B,Pop Padrão,http://open.spotify.com/track/3r0Rhl5Zdo9YjACZNsaBvN,urban contemporary,"0,655","0,477","0,642","0,029","0,000221","92,097"
Love Me Less (feat. Quinn XCII),MAX,Pop Padrao,Pop de Academia/EDM,http://open.spotify.com/track/2tOOcDDYkh0PSjr6GwPEAJ,post-teen pop,"0,732","0,856","0,771","0,0828",0,"145,034"
Two of Hearts,Stacey Q,Pop Padrao,Dançante Padrão,http://open.spotify.com/track/2dURQIBrw3XcHyVZlfdpC1,album rock,"0,852","0,523","0,65","0,0833",0,"130,154"
Alone Again,ilasan,Eletronica,Outros,http://open.spotify.com/track/0lXQJKX1wPjFOwyLXAHj9z,electro house,"0,522","0,963","0,26","0,0235","0,305","90,147"
Hot Steppa - Original Edit,Mike Hawkins,Eletronica,Instrumental/Ambiente,http://open.spotify.com/track/1KcqsSiBUEuOfbUfKoEAe1,progressive electro house,"0,644","0,785","0,347","0,013","0,945","130,048"
Late Night Rendezvous,Carl Thomas,R&B,Indie/Alt Pop,http://open.spotify.com/track/1PB9jyumBYH6jbVpzr3DSs,neo soul,"0,464","0,465","0,448","0,28",0,"63,14"
I Want Cha Back,Yung Bae,Indie,Pop de Academia/EDM,http://open.spotify.com/track/0YHTIIZalPKM9WkQUDQ9Oj,neo soul,"0,783","0,882","0,865","0,0000848","0,00468","117,062"
Good Old-Fashioned Lover Boy - 2011 Mix,Queen,Indie,Acústico Introspectivo,http://open.spotify.com/track/7mg3XY5ti0yzp8RZL939Da,album rock,"0,543","0,461","0,385","0,577",0,"96,803"
BDK (feat. Gilli),KESI,Pop de Academia,Rap/Spoken Word,http://open.spotify.com/track/6ZvA8Difc7oFBxfZXJ6JuT,hip hop,"0,839","0,699","0,669","0,458","0,0000102","130,015"
These Days,Foo Fighters,Indie,Outros,http://open.spotify.com/track/2kN05N1AQQplsgFweFAqYb,permanent wave,"0,532","0,664","0,215","0,000261",0,"135,306"
No New Friends - Dombresky Remix,Sia,Eletronica,Instrumental/Ambiente,http://open.spotify.com/track/1TVEPho7uQub2pMJyzO8JD,dance pop,"0,852","0,833","0,553","0,0264","0,812","125,009"
Pamiętnik EX,Young Igi,Rap / Hip Hop,Dançante Padrão,http://open.spotify.com/track/05jTNENU8jrsyAXmvEtcyo,trap,"0,788","0,748","0,758","0,0639",0,"159,871"
Still the One - 45 Version,Orleans,Rock,Pop Padrão,http://open.spotify.com/track/6F5cYcpgvBNOG6587ur76V,album rock,"0,539","0,62","0,568","0,13",0,"144,363"
Bigger Than,Justin Jesso,Pop Padrao,Outros,http://open.spotify.com/track/5X73AYzzEE5Di0JwcQKt9N,dance pop,"0,421","0,669","0,326","0,151",0,"175,788"
Tu Angelito,Chino & Nacho,Latin,Pop de Academia/EDM,http://open.spotify.com/track/7sx7G5Wf3DauBG4FXS5dVI,latin pop,"0,834","0,865","0,914","0,37",0,"118,047"
Make It Rain,Fat Joe,Rap / Hip Hop,Dançante Padrão,http://open.spotify.com/track/17husT8tMWaBHcQqUpYDZQ,southern hip hop,"0,744","0,697","0,767","0,0106",0,"149,28"
NEGOCIANDO POR TIEMPO (prod. SHIGANT-G),Ysy A,Rap / Hip Hop,Acústico Introspectivo,http://open.spotify.com/track/2sGAug5sVVIZPbKRZs1nKs,trap,"0,609","0,706","0,356","0,663",0,"129,6"
Alte Schule Frankfurt,Dú Maroc,Rap / Hip Hop,Pop de Academia/EDM,http://open.spotify.com/track/233bKjb007eeHGDhK3uKit,gangster rap,"0,683","0,79","0,523","0,266",0,"96,008"
Unconditionally,Katy Perry,Pop Padrao,Outros,http://open.spotify.com/track/4fwbGKNExPtPHbor1TBSY4,pop edm,"0,397","0,725","0,358","0,00266",0,"128,861"
Pikete,Farruko,Latin,Pop de Academia/EDM,http://open.spotify.com/track/2Zt4IqQqqVbIasXtNvJMDZ,latin hip hop,"0,667","0,84","0,882","0,132",0,"173,98"
Quédate,Debi Nova,Latin,Indie/Alt Pop,http://open.spotify.com/track/0is5MOZLNpo5iAY3M0B9ml,tropical,"0,894","0,475","0,93","0,431",0,"120,041"
Murder On My Mind,YNW Melly,Rap / Hip Hop,Dançante Padrão,http://open.spotify.com/track/7eBqSVxrzQZtK2mmgRG6lC,gangster rap,"0,759","0,73","0,74","0,145","0,00000306","115,007"
That's The Way Love Is,Bobby Brown,Pop Padrao,Pop de Academia/EDM,http://open.spotify.com/track/0nNgYDUY4zx9KJAM6ZkPAs,new jack swing,"0,706","0,886","0,914","0,0797","0,0000207","108,353"
Your Everything (Camero Edit),Foxa,Pop de Academia,Outros,http://open.spotify.com/track/5iHtOyCXBBkjRMhLLCZMm5,tropical,"0,727","0,588","0,189","0,321","0,0039","110,025"
Let The Music Guide You (ASOT 950 Anthem),Armin van Buuren,Pop de Academia,Instrumental/Ambiente,http://open.spotify.com/track/3mnRb7zMa365CYEpYOwYCz,big room,"0,536","0,916","0,196","0,00174","0,858","135,017"
I Need Love,LL Cool J,Rap / Hip Hop,Pop Padrão,http://open.spotify.com/track/2YKnKXUeGERi9yCLTO2C3t,new jack swing,"0,799","0,279","0,671","0,0753",0,"88,226"
Turn It Up,Armin van Buuren,Eletronica,Outros,http://open.spotify.com/track/4BBwIFMheBRBA0KO3iAfhh,big room,"0,583","0,952","0,119","0,00141","0,00204","138,003"
Hurricane - Arty Remix,Halsey,Pop de Academia,Outros,http://open.spotify.com/track/65n4DkUhKUO4tECIabKwy1,pop edm,"0,438","0,856","0,49","0,0268","0,00000627","127,991"
Free Falling,VINNE,Eletronica,Pop de Academia/EDM,http://open.spotify.com/track/3Pj3VNBiTul7IWE4TSkIqu,electro house,"0,716","0,889","0,435","0,00535","0,00113","125,996"
Right Now,Fire From The Gods,Agressivo,Pop Padrão,http://open.spotify.com/track/1mQaehT2IA8PAb6drI1RNB,hard rock,"0,494","0,916","0,433","0,00112","0,00000443","89,468"
Medellín - Offer Nissim Madame X In The Sphinx,Madonna,Pop de Academia,Pop de Academia/EDM,http://open.spotify.com/track/5GB82gaWr4d7U4AtJyfVi1,latin pop,"0,776","0,852","0,224","0,0478","0,0122","113,984"
Cleva,Erykah Badu,Chill,Pop Padrão,http://open.spotify.com/track/1GoTvQP3JEeA8oh5I9b2xc,neo soul,"0,738","0,382","0,636","0,0417","0,0267","83,126"
Despair,Christopher Needle,Late Night,Música Calma/Balada,http://open.spotify.com/track/6Lhr0nv8Rw2un1DLqvKzSq,hip pop,"0,685","0,386","0,118","0,132","0,000115","124,962"
Quédate un Ratito Más,Javiera Mena,Chill,Outros,http://open.spotify.com/track/4m7NFWPPmR5Lk2F0KLDKUL,electropop,"0,61","0,628","0,535","0,358","0,000204","80,012"
San Frandisco - Eli Brown Remix,Dom Dolla,Eletronica,Pop de Academia/EDM,http://open.spotify.com/track/4TuXnDhBMkwQEDUKuUjXTU,big room,"0,723","0,967","0,449","0,00454","0,558","127,003"
Raaja,Noiz Van Grane,Eletronica,Outros,http://open.spotify.com/track/02MOUhZhy3fJIhS7Lsa9T8,progressive electro house,"0,587","0,987","0,19","0,00479","0,0095","127,992"
Peanut Butter Jelly,Galantis,Eletronica,Pop de Academia/EDM,http://open.spotify.com/track/3aIhJDHxr1kgTSnutJxPTH,indie poptimism,"0,708","0,945","0,545","0,00104","0,0803","127,96"
Easy Love,Sigala,Pop de Academia,Pop de Academia/EDM,http://open.spotify.com/track/1LTR96tLqCxINVW2MkSEFf,tropical,"0,694","0,955","0,713","0,256","0,000874","123,982"
The Way,Evan Troop,Chill,Pop Padrão,http://open.spotify.com/track/1ICvGsUKmoCTgerSITAqFq,classic rock,"0,592","0,804","0,61","0,144",0,"107,969"
Over You,Dillon Reed,Eletronica,Dançante Padrão,http://open.spotify.com/track/5b3ZqLTbr10qHKD0n39Q3J,electro house,"0,791","0,744","0,17","0,201","0,143","125,051"
Stack It Up (feat. A Boogie Wit da Hoodie),Liam Payne,Pop Padrao,Pop de Academia/EDM,http://open.spotify.com/track/1xU2QZ40MY4Ex2pfczZa9U,urban contemporary,"0,743","0,812","0,606","0,153",0,"100,047"
she,Hayley Kiyoko,Pop Padrao,Dançante Padrão,http://open.spotify.com/track/4BE7L7XB1I7X8v4imHVhoG,indie poptimism,"0,754","0,654","0,627","0,00158","0,035","95,987"
Nothing’s Gonna Stop Me Now,Olivia Holt,Pop Padrao,Outros,http://open.spotify.com/track/2yDmQbe1no8CHP386Oltyl,post-teen pop,"0,613","0,889","0,335","0,0192",0,"131,936"
L'amour Toujours (Small Mix),Gigi D'Agostino,Pop de Academia,Pop Padrão,http://open.spotify.com/track/0FkLMOUTkSTPSAYkIXQ579,dance pop,"0,637","0,878","0,742","0,0775","0,0227","139,053"
Ki Kehna (feat. R3HAB),QARAN,Latin,Outros,http://open.spotify.com/track/3a9AXyLB5KpcouPstVfXvb,latin pop,"0,661","0,642","0,353","0,0675","0,0000494","100,014"
Everything She Wants,Wham!,Indie,Dançante Padrão,http://open.spotify.com/track/3g3PQ6TTd6Dnb4zt2d8B9S,album rock,"0,906","0,619","0,944","0,129","0,000397","114,907"
Put It On Me,Ja Rule,Rap / Hip Hop,Pop Padrão,http://open.spotify.com/track/1h3BdJQz8iq2eZseQH6pt1,new jack swing,"0,573","0,85","0,692","0,0317",0,"185,81"
21 Guns,Green Day,Indie,Outros,http://open.spotify.com/track/64yrDBpcdwEdNY9loyEGbX,post-teen pop,"0,268","0,742","0,416","0,0518",0,"159,779"
Chin Check,N.W.A.,Rap / Hip Hop,Pop de Academia/EDM,http://open.spotify.com/track/13QU1ThhwiGzPfwUFcylxr,gangster rap,"0,906","0,775","0,838","0,0831","0,0000274","100,054"
Madonna,Lexi Todd,R&B,Acústico Introspectivo,http://open.spotify.com/track/5JgUhk5xwSpZYjIxtTfkHi,neo soul,"0,739","0,511","0,483","0,734","0,00763","67,484"
Carnival - Dimitri Vegas & Like Mike Edit,Timmy Trumpet,Eletronica,Outros,http://open.spotify.com/track/29GJzOuxFqzlyvf6NxoZGH,big room,"0,388","0,724","0,128","0,0015","0,287","131,758"
Fizzle,AchtVier,Rap / Hip Hop,Rap/Spoken Word,http://open.spotify.com/track/27nk9YiJMIjxL4jFU6Tmen,gangster rap,"0,471","0,932","0,574","0,0599",0,"125,843"
Something Like That,Mike Candys,Eletronica,Instrumental/Ambiente,http://open.spotify.com/track/5rmkdWaxZb2jp5KNATEWXq,electro house,"0,722","0,922","0,297","0,161","0,826","125,07"
Hold On,French 79,Eletronica,Instrumental/Ambiente,http://open.spotify.com/track/7CaQbeNAccfyQrBQqu8X64,electropop,"0,54","0,812","0,0578","0,00436","0,954","120,006"
En La Cama (feat. Daddy Yankee),Nicky Jam,Latin,Pop de Academia/EDM,http://open.spotify.com/track/2Eg6dOam7cAe5turf2bnCg,reggaeton,"0,855","0,912","0,885","0,183",0,"104,072"
Ride,Madison Mars,Pop de Academia,Outros,http://open.spotify.com/track/5we20HGQuDFTnpmOtawm96,progressive electro house,"0,632","0,858","0,429","0,396","0,000385","120,05"
I Smile,Kirk Franklin,R&B,Pop de Academia/EDM,http://open.spotify.com/track/0UQDSP8cz6WmLJckO5jqUQ,urban contemporary,"0,745","0,753","0,589","0,223",0,"144,057"
Do Me!,Bell Biv DeVoe,R&B,Pop de Academia/EDM,http://open.spotify.com/track/3RB1O5rR8artbci5fuNK1C,new jack swing,"0,722","0,867","0,651","0,135",0,"107,81"
California Love - Original Mix,2Pac,Rap / Hip Hop,Pop de Academia/EDM,http://open.spotify.com/track/5tsho1yIhRDcLGtua06lFb,gangster rap,"0,769","0,841","0,77","0,0309","0,00000101","91,528"
Relax,Frankie Goes To Hollywood,Indie,Pop de Academia/EDM,http://open.spotify.com/track/1K3RzyzlBhMzOZtR0yepeb,electropop,"0,677","0,83","0,705","0,295","0,0000104","114,921"
Comfortably Numb,Pink Floyd,Indie,Música Calma/Balada,http://open.spotify.com/track/5HNCy40Ni5BZJFw1TKzRsC,album rock,"0,472","0,366","0,171","0,15","0,308","127,167"
Fly Again,Leo Dynamic1,Pop Padrao,Outros,http://open.spotify.com/track/3BT5oU2l8UDLFgyOTUdKe4,pop edm,"0,586","0,869","0,267","0,025","0,00837","119,931"
Envidias,Tres Coronas,Rap / Hip Hop,Pop Padrão,http://open.spotify.com/track/1seFxVgAnzOHHBDQgLkdmj,gangster rap,"0,641","0,747","0,757","0,02",0,"89,024"
Love Is The Answer,Aloe Blacc,R&B,Pop Padrão,http://open.spotify.com/track/5IXV375WDokSNjZfR4GgnU,neo soul,"0,704","0,433","0,816","0,0334",0,"105,232"
How Long,Ace,Indie,Indie/Alt Pop,http://open.spotify.com/track/4AjKVyNUMdUveKK5OH1OJD,classic rock,"0,717","0,406","0,703","0,587","0,103","123,213"
Rutina,Favian Lovo,Latin,Pop Padrão,http://open.spotify.com/track/1E0aH9vpDU5cKRMFbfZac8,reggaeton,"0,725","0,688","0,744","0,209","0,00000101","93,992"
The One For Me,Joe,Rap / Hip Hop,Pop de Academia/EDM,http://open.spotify.com/track/6zW36Sf7bTVc7ajfzrafGT,new jack swing,"0,728","0,808","0,486","0,128",0,"97,522"
Imaginate,Wisin & Yandel,Rap / Hip Hop,Outros,http://open.spotify.com/track/4KubniPiLGAqBL1VY9wWk1,reggaeton,"0,598","0,9","0,233","0,0299",0,"125,841"
Ante Up,M O P,,Pop Padrão,http://open.spotify.com/track/4udc6XovxThag5LUUZfbiX,gangster rap,"0,636","0,864","0,813","0,00574",0,"96,663"
Nobody's Fool,Cinderella,Rock,Outros,http://open.spotify.com/track/6LFoyjCI9eFZw3QmN46x2V,hard rock,"0,367","0,445","0,149","0,0478","0,00284","67,197"
Pa' Brillar,Lucho SSJ,Rap / Hip Hop,Dançante Padrão,http://open.spotify.com/track/3hflsANR6DqnHfZ2Tiv5Jl,trap,"0,762","0,701","0,452","3,22E-01",0,"91,076"
1 Ask,Ebhoni,,Outros,http://open.spotify.com/track/5I9P0RYdL5AVATzHSW2Mjw,pop edm,"0,4","0,455","0,529","0,0238",0,"144,636"
Only In My Dreams,Lowen,Pop Padrao,Outros,http://open.spotify.com/track/3hmvIloDMQzh90YEz57Ewr,indie poptimism,"0,654","0,688","0,268","0,274","0,0283","119,976"
Better,Hot Shade,Pop Padrao,Outros,http://open.spotify.com/track/69uCmYNvkqnvIpyTKJXZ5P,tropical,"0,575","0,741","0,365","0,0826","0,00E+00","109,987"
Oh I,Debra Killings,R&B,Pop Padrão,http://open.spotify.com/track/5XJHPtlkia5JnccXFBSGbg,neo soul,"0,53","0,631","0,591","0,222",0,"80,153"
Side Effects - Nolan van Lith Remix,The Chainsmokers,Pop de Academia,Pop Padrão,http://open.spotify.com/track/185CVwvQgfW5QXXeuLv7Rl,trap,"0,548","0,939","0,516","0,275","2,79E-06","145,082"
When You're Out,Kauf,Pop Padrao,Pop Padrão,http://open.spotify.com/track/4Dgu832fwSuZ4D7ZmNx948,electropop,"0,611","0,758","0,445","0,00207","0,0411","100,998"
Goldie,A$AP Rocky,Rap / Hip Hop,Pop de Academia/EDM,http://open.spotify.com/track/4go2hxLM6ijk0K76ZY0Nhd,southern hip hop,"0,68","0,843","0,743","0,22","0,0000302","81,958"
EARFQUAKE - Channel Tres Remix,"Tyler, The Creator",Chill,Pop Padrão,http://open.spotify.com/track/6tgknDU0VMbXILuWixFKKn,big room,"0,698","0,69","0,468","0,0206","0,56","119,998"
"The Heat Is On - From ""Beverly Hills Cop"" Soundtrack",Glenn Frey,Rock,Pop Padrão,http://open.spotify.com/track/0PXw9NKvolWTo7U9JkNzmc,album rock,"0,622","0,865","0,87","0,0167","0,0000234","149,706"
Trippin - Dëëp Hamilton Remix,Hedvig,Pop de Academia,Pop de Academia/EDM,http://open.spotify.com/track/0F4KUDXmPhAP71ULvS5RAZ,pop edm,"0,774","0,761","0,77","0,273","0,639","103,982"
Make It Hot,Major Lazer,Latin,Pop de Academia/EDM,http://open.spotify.com/track/0QopfywHKJZH8bnt8Cj9qr,latin pop,"0,753","0,765","0,497","0,00279","0,025",97
I Believe In You (You Believe In Me),Johnnie Taylor,R&B,Outros,http://open.spotify.com/track/5ol5vmBHvjrdEXfky3gsQk,southern hip hop,"0,645","0,453","0,521","0,758","1,83E-03","96,449"
I Don't Love You Anymore,Sarcastic Sounds,Chill,Instrumental/Ambiente,http://open.spotify.com/track/6QOVWoZUD3IEszbfO46mYW,hip hop,"0,708","0,309","0,451","0,428","0,87","74,99"
Don't Be Afraid - Sex You Down Some Mo' Version,Aaron Hall,R&B,Outros,http://open.spotify.com/track/7EgBkZlqWRwvjmyc115LLR,new jack swing,"0,507","0,709","0,36","0,133","0,00E+00","135,813"
Know You Now,Amy Winehouse,R&B,Dançante Padrão,http://open.spotify.com/track/3irumzUB7UlJqoVZCqR3kI,neo soul,"0,847","0,696","0,763","0,052","0,00402","140,678"
Glow - JSapp Remix,Britt Nicole,Pop de Academia,Pop de Academia/EDM,http://open.spotify.com/track/1PmU8dWoCrO7JUS4nNzRO9,progressive electro house,"0,7","0,888","0,42","0,0202","0,00000424","128,045"
Gopnik,Olexesh,Rap / Hip Hop,Dançante Padrão,http://open.spotify.com/track/0KR3kva01902glhgaqlzp0,gangster rap,"0,784","0,688","0,365","0,0253",0,"121,919"
Keep You Near,Sum Wave,Chill,Outros,http://open.spotify.com/track/08WmkTJ4aa1yhPBZcgQDPa,tropical,"0,703","0,534","0,351","0,0472","0,449","111,995"
Como Me Duele Perderte,Gloria Estefan,Latin,Indie/Alt Pop,http://open.spotify.com/track/7deJdnhCWumMOBJtXeIVyN,latin pop,"0,765","0,459","0,763","0,476",0,"139,908"
Wave,Zen/it,Eletronica,Instrumental/Ambiente,http://open.spotify.com/track/1xckSK2WNEi1PiHo2EQsUh,progressive electro house,"0,671","0,916","0,266","0,00072","0,725","123,949"
Surprise Yourself - GRYFFIN x Manila Killa Remix,Jack Garratt,Late Night,Outros,http://open.spotify.com/track/3Rm8vl0NP54Xx7umZEcU1D,tropical,"0,508","0,787","0,297","0,167",0,"102,876"
Heavy Is the Head,Zac Brown Band,Rock,Outros,http://open.spotify.com/track/66afTtzrwCnkeUvoZsWqHX,classic rock,"0,403","0,926","0,736","0,000372","0,00355","171,066"
Outcast,Ontayd'artist,Pop Padrao,Pop de Academia/EDM,http://open.spotify.com/track/0cV0wQ9XgmP8pdRbF3lj2v,latin pop,"0,887","0,771","0,846","0,777","0,00E+00","153,935"
"Pink Toes (Offset, DaBaby feat. Gunna)",Quality Control,Rap / Hip Hop,Pop de Academia/EDM,http://open.spotify.com/track/0W1ZfgXpC23RYQPDq7RM5I,southern hip hop,"0,957","0,767","0,577","0,0525",0,"110,508"
Do My Thing,Estelle,Pop Padrao,Pop de Academia/EDM,http://open.spotify.com/track/3nbi8TqJu1eLHYWJefcJp4,electropop,"0,653","0,898","0,963","0,033",0,"144,973"
Una canzone che non so,Gazzelle,Sad,Indie/Alt Pop,http://open.spotify.com/track/6pDqB2dlzxB2i9Inu4h3wC,hip pop,"0,705","0,502","0,548","0,384",0,"119,862"
What Do You Want,Hartman,Pop de Academia,Pop de Academia/EDM,http://open.spotify.com/track/6MY8JB1THlKqdyqe5YSAng,tropical,"0,714","0,818","0,521","0,315",0,"99,946"
"Know No Better (feat. Travis Scott, Camila Cabello & Quavo)",Major Lazer,Pop de Academia,Pop de Academia/EDM,http://open.spotify.com/track/6Alp0TKptNKc1vkdr8LvVJ,electropop,"0,738","0,814","0,483","0,132","9,64E-06","119,041"
Brakelights,Omar Apollo,Indie,Acústico Introspectivo,http://open.spotify.com/track/5bJ3cuvn0fMdSV8tkJVpNY,indie poptimism,"0,693","0,421","0,259","0,59","0,0217","124,062"
Where Would I Be,Deonna Martin,R&B,Pop de Academia/EDM,http://open.spotify.com/track/6N5iZk1MiuTZXUaGCwYe6u,neo soul,"0,641","0,819","0,659","0,101",0,"95,001"
Pop Out (feat. Lil Tjay),Polo G,Rap / Hip Hop,Rap/Spoken Word,http://open.spotify.com/track/6uFn47ACjqYkc0jADwEdj1,hip hop,"0,772","0,639","0,261","0,15",0,"168,112"
Careless,Coastal,Chill,Instrumental/Ambiente,http://open.spotify.com/track/3v1O6lndJhBf7BXgnNs42x,hip hop,"0,618","0,243","0,321","0,953","9,02E-01","90,026"
My Hero,Foo Fighters,Rock,Outros,http://open.spotify.com/track/4dVbhS6OiYvFikshyaQaCN,permanent wave,"0,374","0,927","0,301","0,000062","1,77E-04","154,047"
You Don't Know,Psalm Trees,Chill,Instrumental/Ambiente,http://open.spotify.com/track/03uSlN1JqW0MI6OCl7UQEa,hip hop,"0,834","0,289","0,821","0,673","0,849","88,015"
Another Place,Bastille,Pop Padrao,Pop Padrão,http://open.spotify.com/track/2Fn4gZI3MAeWTiv7cSVxZQ,urban contemporary,"0,685","0,742","0,618","0,22",0,"115,008"
No Cryin (feat. Future),dvsn,Rap / Hip Hop,Dançante Padrão,http://open.spotify.com/track/2Ay0Vr9icpICeKkUDbBExd,neo soul,"0,84","0,63","0,656","0,161",0,"76,059"
Remind Me to Forget,Kygo,Pop Padrao,Outros,http://open.spotify.com/track/6xTU6B6nFwKKTSZ9ySXS80,dance pop,"0,689","0,505","0,312","0,158",0,"99,017"
Eastern Railroad,オメガトライブ,Indie,Pop de Academia/EDM,http://open.spotify.com/track/5KhICfI5WQDmdEArnSImOL,album rock,"0,74","0,852","0,745","0,278",0,"131,527"
Ya Te Olvide,Los 4,Latin,Pop de Academia/EDM,http://open.spotify.com/track/2SawBpFFv3ue4S6TVaGamm,urban contemporary,"0,672","0,853","0,891","0,603","0,00000892","98,691"
Mama - Syn Cole Remix,Jonas Blue,Pop de Academia,Pop de Academia/EDM,http://open.spotify.com/track/3NFvv5bC6HWtxUftIBm8Qd,pop edm,"0,787","0,796","0,634","0,0286","0,00E+00","126,032"
China Girl - 1999 Remaster,David Bowie,Indie,Pop Padrão,http://open.spotify.com/track/1bki22ZoLCkqb0QIJ5PtJF,permanent wave,"0,626","0,642","0,817","0,00961","0,081","133,947"
Glad To Be Here,TRUTHR,Rap / Hip Hop,Indie/Alt Pop,http://open.spotify.com/track/40zbkoSUipoa4ryLCqj838,latin pop,"0,691","0,658","0,744","0,508",0,"160,021"
Feel Good Inc.,Gorillaz,Indie,Dançante Padrão,http://open.spotify.com/track/0d28khcov6AiegSCpG5TuT,album rock,"0,818","0,705","0,772","0,00836","0,00233","138,559"
120 Seconds,Freestyle Fellowship,Rap / Hip Hop,Dançante Padrão,http://open.spotify.com/track/6k5qYxiFt76meFmKRDtZEz,southern hip hop,"0,897","0,65","0,717","0,354",0,"109,601"
Method Man,Wu-Tang Clan,Rap / Hip Hop,Dançante Padrão,http://open.spotify.com/track/5XLC8xoqyua4U7wJiZAWik,southern hip hop,"0,903","0,519","0,596","0,0286","0,000907","101,561"
Treat You Better,Shawn Mendes,Pop Padrão,Outros,http://open.spotify.com/track/1mSlftOO1dlDRXAyOE0Sbd,indie poptimism,"0,448","0,817","0,709","0,128",0,"83,015"
I Need You (feat. Olaf Blackwood) - DubVision Remix,Armin van Buuren,Pop de Academia,Outros,http://open.spotify.com/track/07zLmWhKSWvJ6ZRdv5L9kE,progressive electro house,"0,414","0,828","0,326","0,0116","2,10E-04","117,09"
Money Ain't A Thang,JAY-Z,Rap / Hip Hop,Dançante Padrão,http://open.spotify.com/track/1R9eRTaQx2HxQ3HoyAVDJo,gangster rap,"0,851","0,703","0,837","0,0581",0,"100,002"
Shakin' Off The Rust,The Blue Stones,Rock,Outros,http://open.spotify.com/track/0Aergaee1PD3zbWcjxcUJl,hard rock,"0,585","0,8","0,368","0,0017","0,00000496","110,971"
Wine & Chocolates - andhim Remix Radio Version,Theophilus London,Eletronica,Pop de Academia/EDM,http://open.spotify.com/track/0qsQZDAZIGsbGmYEMfhTSC,progressive electro house,"0,792","0,769","0,545","0,0251","0,634","120,018"
Quando Fuori Piove,Ultimo,Sad,Acústico Introspectivo,http://open.spotify.com/track/2p0qsfmL5oCtpZ72tuMwHN,hip pop,"0,411","0,448","0,333","0,571",0,"152,245"
Horizon,Seven Lions,Chill,Outros,http://open.spotify.com/track/3F1TIgyzrfdU4dF8c4C75U,pop edm,"0,379","0,756","0,116","0,019","1,78E-04","169,979"
Bossaura - Remastered,Kollegah,Rap / Hip Hop,Outros,http://open.spotify.com/track/7JDyBLjOijEpNJGXn3F7MN,gangster rap,"0,587","0,785","0,33","0,198",0,"88,037"
Same Song - Edit Version,Digital Underground,Rap / Hip Hop,Dançante Padrão,http://open.spotify.com/track/3FygJnwLJbaU5xe4E87h8e,southern hip hop,"0,813","0,687","0,733","0,0562",0,"103,196"
El Peor,Chyno Miranda,Latin,Pop de Academia/EDM,http://open.spotify.com/track/6ClrUcM3YpKlJhihx94Oel,latin hip hop,"0,84","0,903","0,798","0,138","0,00E+00","94,998"
Forget,Twin Shadow,Chill,Instrumental/Ambiente,http://open.spotify.com/track/05Q5sFIYy6KC887fLw9p1y,electropop,"0,571","0,821","0,535","0,455","0,769","79,979"
DEMONY,DZIARMA,Rap / Hip Hop,Dançante Padrão,http://open.spotify.com/track/7AkNGJ9p25ZaU1AFbVPwBL,hip hop,"0,796","0,513","0,113","0,282","0,000548","99,02"
Dope,PashaPG,Rap / Hip Hop,Pop de Academia/EDM,http://open.spotify.com/track/7oregTERsq3KGexzIqWhqW,gangster rap,"0,719","0,766","0,639","0,37","0,00E+00","83,973"
Twenties,Wolfgang Lohr,Pop de Academia,Pop de Academia/EDM,http://open.spotify.com/track/7FQyzz3MRRyIHB2xuPjQhL,electro house,"0,733","0,837","0,911","0,248","0,000555","121,093"
Interestelar,Groove Delight,Eletronica,Pop de Academia/EDM,http://open.spotify.com/track/7ArKCOAvU9b4gPBdeIj9iV,big room,"0,717","0,784","0,304","0,00812","0,00554","125,038"
No Diggity,Alice Jemima,Chill,Outros,http://open.spotify.com/track/2YqcTD2YWNMQ9LbQNVUATJ,urban contemporary,"0,79","0,414","0,574","0,903","0,00000298","84,977"
All I Had To Lose (feat. Mark Morales),Mark Morton,Acustico,Chill/Lo-fi,http://open.spotify.com/track/3t9seJl7Y0B556M2ndthl1,hard rock,"0,328","0,232","0,412","0,419",0,"149,444"
The Night,Hogland,Pop de Academia,Outros,http://open.spotify.com/track/6Thw69oeS0M2N553QGRv8g,pop edm,"0,644","0,588","0,277","0,0549","0,000376","102,033"
Inferno,Hechmann,Pop Padrao,Outros,http://open.spotify.com/track/5xARsmYzBFk5onyIWoAIMH,pop edm,"0,678","0,677","0,342","0,334",0,"100,05"
Baby Talk - Edit,Alisha,Pop Padrao,Pop de Academia/EDM,http://open.spotify.com/track/1JYfHi3cPAR8983cL45bLp,latin hip hop,"0,707","0,932","0,835","0,0117","0,0157","114,658"
Saints - Original Mix,Jenaux,Eletrônica,Instrumental/Ambiente,http://open.spotify.com/track/5CnrGTmN6sIsXjrrQC1hUm,big room,"0,524","0,988","0,208","0,0000494","0,818","128,005"
Run Jozi (Godly) (feat. K.O),AKA,Rap / Hip Hop,Outros,http://open.spotify.com/track/2zuOiLM3QGT5DpO4fJwOEo,urban contemporary,"0,494","0,935","0,35","0,204",0,"130,084"
You're the One,SWV,R&B,Dançante Padrão,http://open.spotify.com/track/67ZorjDM25q7bETfLbHdfS,new jack swing,"0,79","0,608","0,958","0,522","0,00491","94,166"
I Won't Give Up,Christina Grimmie,Pop Padrao,Indie/Alt Pop,http://open.spotify.com/track/7wVHizRrYy5LCX7QfwsxNJ,post-teen pop,"0,461","0,519","0,158","0,403",0,"136,986"
So Close,Jennette McCurdy,Pop Padrao,Pop Padrão,http://open.spotify.com/track/2GJEMlKxt3GL2rJMOTET6Z,post-teen pop,"0,609","0,658","0,53","0,296",0,"116,896"
EYE OF THE TIGER,Survivor,Rock,Dançante Padrão,http://open.spotify.com/track/6IGTR1a8JdYKWTSOl9rtUx,hard rock,"0,801","0,698","0,597","0,0503","0,0000868","108,873"
Meet the Sky,Third Lung,Indie,Outros,http://open.spotify.com/track/3ipe1oZ60EZkyiPrIooCgl,permanent wave,"0,228","0,568","0,168","0,187","0,0000235","176,165"
Colores,GAMBOA,Chill,Pop Padrão,http://open.spotify.com/track/6iucNSMhAZDglVgJ1yclmA,tropical,"0,682","0,598","0,651","0,274","0,00145","160,074"
Skyline,FKJ,Chill,Acústico Introspectivo,http://open.spotify.com/track/5kc6erfW0v4PtsBtRJpf0Z,indie poptimism,"0,697","0,433","0,266","0,614","0,042","148,087"
I Follow Rivers,Lykke Li,Indie,Indie/Alt Pop,http://open.spotify.com/track/08XmoAjG6I2vbsONnFmDWg,indie poptimism,"0,599","0,533","0,607","0,475","0,00153","122,262"
No Complaints,Metro Boomin,Rap / Hip Hop,Outros,http://open.spotify.com/track/6kig1UFggPUyZBCvXD3Wod,gangster rap,"0,913","0,498","0,217","0,0829","0,0369","123,975"
Without Your Love,York Worship,Pop Padrão,Pop Padrão,http://open.spotify.com/track/0nJgXVtgMwXsVspxOoVzP1,dance pop,"0,533","0,611","0,656","0,138","0,0176","101,033"
Walk Of Life,Dire Straits,Indie,Outros,http://open.spotify.com/track/4tyl9OMKMG8F2L0RUYQMH3,permanent wave,"0,461","0,918","0,802","0,405","0,00033","172,435"
Time,Jungle,Indie,Pop Padrão,http://open.spotify.com/track/3kwRiuw2oJoArGs3EusCgn,indie poptimism,"0,693","0,695","0,553","0,192","0,000925","120,015"
"Esta Noche de Travesuras (feat. Héctor ""El Father"")",DJ Nelson,Latin,Dançante Padrão,http://open.spotify.com/track/2QNRG78xcJZpLyXYX4JmhD,reggaeton,"0,828","0,666","0,44","0,457",0,"91,961"
Beautiful Girl - Radio Edit,Junge Junge,Pop Padrão,Indie/Alt Pop,http://open.spotify.com/track/3SsSCdNTc2gnZ7aqrCVdnI,indie poptimism,"0,92","0,495","0,622","0,389","0,151","120,048"
Hail to the King,Avenged Sevenfold,Agressivo,Pop Padrão,http://open.spotify.com/track/3kMBEnLhExewYVmOD0wGu0,hard rock,"0,585","0,887","0,711","0,000376","0,0518","118,035"
Sex on Fire,Kings of Leon,Indie,Outros,http://open.spotify.com/track/0ntQJM78wzOLVeCUAW7Y45,permanent wave,"0,542","0,905","0,374","0,00172","0,0104","153,398"
Nunca Se Quita,"Gotay ""El Autentiko""",Latin,Pop de Academia/EDM,http://open.spotify.com/track/6LMe4yMMYrzVCEn4BvipOt,latin hip hop,"0,718","0,753","0,792","0,263",0,"82,024"
Ex-Factor,Ms. Lauryn Hill,R&B,Pop Padrão,http://open.spotify.com/track/2VjXGuPVVxyhMgER3Uz2Fe,neo soul,"0,593","0,619","0,668","0,118",0,"80,02"
Post Malone (feat. RANI) - VIZE Remix,Sam Feldt,Pop de Academia,Pop de Academia/EDM,http://open.spotify.com/track/3mruwwpKfG5NYmnEr6O5Dw,electro house,"0,687","0,887","0,345","0,00438","0,00629","124,017"
Sango,OSHUN,R&B,Acústico Introspectivo,http://open.spotify.com/track/4D7o2dM2OeEFXB1omK5aTF,neo soul,"0,588","0,263","0,232","0,746","0,000329","84,01"
Slow Down,India.Arie,R&B,Pop Padrão,http://open.spotify.com/track/4dA9s3ai98THG4nQlStPes,neo soul,"0,977","0,498","0,616","0,269","0,000172","115,009"
Mike Tyson - Bonustrack,Kurdo,Rap / Hip Hop,Pop Padrão,http://open.spotify.com/track/2dRuZopi29Ob4jsxdESrcf,gangster rap,"0,675","0,705","0,672","0,276",0,"85,064"
君はIN the RAIN,オメガトライブ,Indie,Indie/Alt Pop,http://open.spotify.com/track/7rxrTyHE6wCoWEThKZ4ltj,album rock,"0,676","0,632","0,608","0,534",0,"101,497"
I Think I Love You,Dwele,R&B,Pop Padrão,http://open.spotify.com/track/1TlEEopIktdAi8oWRf9Qx6,neo soul,"0,549","0,491","0,728","0,111","0,0000146","203,818"
Young And Beautiful,Lana Del Rey,Sad,Indie/Alt Pop,http://open.spotify.com/track/2nMeu6UenVvwUktBCpLMK9,post-teen pop,"0,324","0,416","0,151","0,262","0,0000369","113,986"
Little Drummer Boy (feat. Solange),Destiny's Child,R&B,Pop Padrão,http://open.spotify.com/track/4myV8ss5IG0PtiIhmx99Bd,neo soul,"0,684","0,599","0,4","0,166","0,0000377","162,981"
Die To Live,Volbeat,Rock,Outros,http://open.spotify.com/track/03ZDwfZKhjHLqk9tIzd2KB,permanent wave,"0,421","0,968","0,355","0,0158","0,656","186,095"
Ersatzteil,Feindflug,Agressivo,Instrumental/Ambiente,http://open.spotify.com/track/0uLdF7n18IFclndsRWaqx0,electropop,"0,601","0,957","0,332","0,000244","0,904","135,008"
Madness,Muse,Pop Padrao,Outros,http://open.spotify.com/track/0c4IEciLCDdXEhhKxj4ThA,permanent wave,"0,502","0,417","0,218","0,127","0,00419","180,301"
TATI,6ix9ine,Rap / Hip Hop,Pop de Academia/EDM,http://open.spotify.com/track/6SOBCABlykuNrO04rmXpLs,gangster rap,"0,779","0,767","0,523","0,00214",0,"91,981"
Shut Up,KKG,Rap / Hip Hop,Dançante Padrão,http://open.spotify.com/track/1Oyoegq8YSlnhuDdNvgy7Z,hip hop,"0,74","0,728","0,485","0,129","0,000395","84,989"
Red Virgin Soil,Agnes Obel,Instrumental,Instrumental/Ambiente,http://open.spotify.com/track/2k6pJDKXsWs3luhS23Xdd7,indie poptimism,"0,709","0,292","0,778","0,776","0,896","110,225"
Nite,Vikström,Eletronica,Pop de Academia/EDM,http://open.spotify.com/track/2N6UDXQuyWF6cf0DMUByj8,big room,"0,785","0,911","0,665","0,00688","0,32","128,02"
Demons,Louzada,Rock,Outros,http://open.spotify.com/track/2M2sRE3Z8ybw1vF3w99fVv,hard rock,"0,162","0,915","0,386","0,0000826","0,000388","180,189"
Thinking About You,GLDN,Pop de Academia,Acústico Introspectivo,http://open.spotify.com/track/2n84hx6obm9bv4aTHJeOIp,electro house,"0,743","0,814","0,307","0,624",0,"120,086"
"After Dollars, No Cents",Master P,Rap / Hip Hop,Dançante Padrão,http://open.spotify.com/track/2CnZmVfWHZiWv2PP1xpllp,southern hip hop,"0,876","0,734","0,666","0,000812",0,"143,865"
Dance with You,Hoofa,,Outros,http://open.spotify.com/track/5741GhL8qxmyPbHakSOGRF,permanent wave,"0,416","0,801","0,702","0,352",0,"167,942"
NTN,Cartel De Santa,Rap / Hip Hop,Pop de Academia/EDM,http://open.spotify.com/track/4uW7wQZ3i4RivW2yoh11vq,gangster rap,"0,694","0,771","0,7","0,0151","0,000941","81,925"
I Still Haven't Found What I'm Looking For,U2,Rock,Pop Padrão,http://open.spotify.com/track/5MEMiHV54Y5ODV1zvEPsyp,album rock,"0,561","0,63","0,682","0,0205","0,00133","100,646"
Lady,D'Angelo,R&B,Pop Padrão,http://open.spotify.com/track/7AjfklMN4WpQYz5FkT4E66,neo soul,"0,815","0,364","0,723","0,14","0,0255","84,898"
He Said She Said,Ashley Tisdale,Pop Padrao,Pop Padrão,http://open.spotify.com/track/0jTTjg6q4jsd2RhuHwTvLj,post-teen pop,"0,694","0,709","0,566","0,0966",0,"114,966"
Cuando Perriabas,Bad Bunny,Latin,Dançante Padrão,http://open.spotify.com/track/5mj8WVFcKdGA8p9HWGTSLc,reggaeton,"0,787","0,705","0,499","0,137","0,00000106","81,998"
Ya Estuvo,Dyablo,Latin,Dançante Padrão,http://open.spotify.com/track/4RMkS2RKc0dVR4pj7m2LvY,latin hip hop,"0,821","0,542","0,76","0,0884",0,"87,099"
Syrup,Dweeb,Chill,Instrumental/Ambiente,http://open.spotify.com/track/4OfB6dy0mjs56CYTlLI7Oe,hip hop,"0,679","0,172","0,223","0,754","0,938","86,998"
Own It (feat. Ed Sheeran & Burna Boy),Stormzy,Pop Padrao,Pop de Academia/EDM,http://open.spotify.com/track/07s9NNOT0sZQp7TyolLLgu,hip hop,"0,817","0,781","0,359","0,00838","0,00000521",104
Jump - 2015 Remaster,Van Halen,Rock,Pop Padrão,http://open.spotify.com/track/7N3PAbqfTjSEU1edb2tY8j,album rock,"0,572","0,835","0,796","0,171","0,000376","129,994"
Higher Ground,TNGHT,Eletronica,Pop de Academia/EDM,http://open.spotify.com/track/0Js9hB2I66nJliPIJxzn2R,trap,"0,711","0,761","0,526","0,598","0,127","160,738"
Surf,Osoku,Chill,Instrumental/Ambiente,http://open.spotify.com/track/289bzvdfHv0bAMNSaxr3sK,hip hop,"0,732","0,321","0,347","0,934","0,876","144,018"
Bad and Boujee (feat. Lil Uzi Vert),Migos,Rap / Hip Hop,Dançante Padrão,http://open.spotify.com/track/4Km5HrUvYTaSUfiSGPJeQR,trap,"0,927","0,665","0,175","0,061",0,"127,076"
Where Is The Love?,The Black Eyed Peas,Pop Padrao,Dançante Padrão,http://open.spotify.com/track/70ATI6K6i1TXfRfID7bcN0,indie poptimism,"0,836","0,699","0,818","0,114",0,"94,092"